ticker,name,held,tier,score100,action_signal,signal_reason,base_upside,reward_risk,eps_rev_1m,eps_rev_3m,pe_pct5y,thesis_status,holding_note
8299,群聯,True,CYCLE,60,WATCH,分數<65、Base<20%、週期高峰,-71.0,0.0,0,117.4,20.0,,持1000股@1990，+1.8%，防守線1850
2059,川湖,False,WATCH,61.3,REDUCE,Base<20% 且 PE 位階≥95%,-27.0,0.0,131.5,199.6,99.0,OK,
6525,捷敏-KY,False,WATCH,58,REDUCE,Base<20% 且 PE 位階≥95%、分數<60,11.0,0.37,63.5,11.1,95.0,OK,
6669,緯穎,False,WATCH,56.7,REDUCE,EPS 1M/3M 同步下修、分數<60,391.0,9.9,-41.3,-19.9,0.0,OK,
3026,禾伸堂,False,WATCH,54.5,REDUCE,Base<20% 且 PE 位階≥95%、分數<60,-62.0,0.0,114.6,24.3,96.0,,
2301,光寶科,False,WATCH,54,REDUCE,Base<20% 且 PE 位階≥95%、分數<60,-21.0,0.0,76.2,12.9,100.0,,
2455,全新,False,WATCH,54,REDUCE,Base<20% 且 PE 位階≥95%、分數<60,-43.0,0.0,238.4,13.0,99.0,,
3017,奇鋐,False,WATCH,53,REDUCE,EPS 1M/3M 同步下修、Base<20% 且 PE 位階≥95%、分數<60,13.0,0.22,-8.7,-24.6,95.0,,
2395,研華,False,WATCH,52,REDUCE,Base<20% 且 PE 位階≥95%、分數<60,18.0,0.82,84.0,43.5,100.0,,
5434,崇越,False,WATCH,52,REDUCE,Base<20% 且 PE 位階≥95%、分數<60,7.0,0.2,27.5,11.0,97.0,,
3653,健策,False,WATCH,51,REDUCE,Base<20% 且 PE 位階≥95%、分數<60,-35.0,0.0,55.0,51.7,99.0,,
5284,jpp-KY,False,WATCH,51,REDUCE,EPS 1M/3M 同步下修、分數<60,102.0,9.9,-30.1,-21.7,46.0,,
3406,玉晶光,False,WATCH,48.5,REDUCE,Base<20% 且 PE 位階≥95%、分數<60,-32.0,0.0,161.5,-2.6,100.0,,
3443,創意,False,WATCH,48,REDUCE,Base<20% 且 PE 位階≥95%、分數<60,-36.0,0.0,54.5,47.9,98.0,,
6672,騰輝電子-KY,False,WATCH,48,REDUCE,Base<20% 且 PE 位階≥95%、分數<60,-31.0,0.0,64.4,62.5,98.0,,
2337,旺宏,False,CYCLE,45,REDUCE,Base<20% 且 PE 位階≥95%、分數<60,-88.0,0.0,,87.4,97.0,,
2493,揚博,False,WATCH,44,REDUCE,Base<20% 且 PE 位階≥95%、分數<60,-45.0,0.0,208.1,30.3,95.0,,
2374,佳能,False,WATCH,42.5,REDUCE,EPS 1M/3M 同步下修、分數<60,222.0,9.9,-14.0,-25.4,19.0,,
8996,高力,False,WATCH,40,REDUCE,EPS 1M/3M 同步下修、分數<60,23.0,0.7,-85.6,-41.1,88.0,,
1419,新紡,False,WATCH,38,REDUCE,EPS 1M/3M 同步下修、分數<60,607.0,9.9,-232.1,-15.4,1.0,,
2548,華固,False,WATCH,36,REDUCE,EPS 1M/3M 同步下修、分數<60,216.0,9.9,-212.0,-40179.5,21.0,,
2330,台積電,False,A,81.0,HOLD,無證據帳本、量化達 ADD 門檻但缺新鮮證據→先補帳本,102.0,9.9,24.2,19.3,79.0,OK,
8210,勤誠,False,A,79.0,HOLD,無證據帳本,49.0,3.02,-16.0,26.0,60.0,OK,
2345,智邦,False,B,70.7,HOLD,無證據帳本,91.0,9.9,14.4,2.8,73.0,OK,
2368,金像電,False,B,70.3,HOLD,無證據帳本,64.0,8.08,47.5,22.5,85.0,OK,
6782,視陽,False,B,69,HOLD,無證據帳本,171.0,9.9,8.5,16.6,10.0,OK,
2421,建準,False,B,67,HOLD,無證據帳本,71.0,9.9,15.7,8.5,48.0,OK,
6805,富世達,False,B,71.0,WATCH,Base<20%,14.0,0.4,33.5,-39.4,32.0,OK,
2360,致茂,False,B,65.7,WATCH,Base<20%,5.0,0.13,24.9,34.3,90.0,OK,
2027,大成鋼,False,CYCLE,65,WATCH,Base<20%、週期高峰,-21.0,0.0,121.6,18.7,30.0,,
2383,台光電,False,WATCH,64.0,WATCH,分數<65、Base<20%,13.0,0.36,91.9,38.4,92.0,OK,
6531,愛普*,False,WATCH,63.7,WATCH,分數<65,32.0,1.37,,20.0,72.0,OK,
6139,亞翔,False,WATCH,63.5,WATCH,分數<65,112.0,9.9,101.9,5.3,44.0,OK,
6442,光聖,False,WATCH,63.3,WATCH,分數<65,68.0,1.57,178.2,21.2,61.0,OK,
3665,貿聯-KY,False,WATCH,62.0,WATCH,分數<65,38.0,1.73,-12.5,31.8,90.0,OK,
1736,喬山,False,WATCH,62,WATCH,分數<65,224.0,9.9,274.2,10.1,0.0,OK,
3013,晟銘電,False,WATCH,62,WATCH,分數<65,212.0,9.9,111.9,3.2,2.0,OK,
3617,碩天,False,WATCH,62,WATCH,分數<65,59.0,9.9,277.1,17.2,24.0,OK,
6183,關貿,False,WATCH,62,WATCH,分數<65,58.0,9.9,27.1,11.4,28.0,OK,
8462,柏文,False,WATCH,61.5,WATCH,分數<65,230.0,9.9,0.4,2.4,5.0,OK,
2546,根基,False,WATCH,61.5,WATCH,分數<65,108.0,9.9,176.6,27.3,17.0,OK,
6206,飛捷,False,WATCH,60,WATCH,分數<65,50.0,6.97,103.5,12.6,50.0,OK,
1590,亞德客-KY,False,WATCH,59.5,WATCH,分數<65,69.0,9.9,23.8,18.4,47.0,OK,
2637,慧洋-KY,False,CYCLE,58.5,WATCH,分數<65,74.0,4.42,184.7,15.7,67.0,,
6197,佳必琪,False,WATCH,58,WATCH,分數<65、Base<20%,5.0,0.17,28.5,8.8,91.0,OK,
2476,鉅祥,False,WATCH,58,WATCH,分數<65,75.0,9.9,233.0,25.5,57.0,OK,
6209,今國光,False,WATCH,58,WATCH,分數<65,379.0,9.9,0,27.7,3.0,OK,
2606,裕民,False,CYCLE,58,WATCH,分數<65,83.0,9.9,133.1,10.3,44.0,,
6753,龍德造船,False,CYCLE,58,WATCH,分數<65、Base<20%、週期高峰,-11.0,0.0,126.9,17.7,0.0,,
2031,新光鋼,False,CYCLE,58,WATCH,分數<65,165.0,9.9,-239.4,39.7,11.0,,
3044,健鼎,False,WATCH,57,WATCH,分數<65、Base<20%,2.0,0.04,28.2,27.0,94.0,OK,
6196,帆宣,False,WATCH,57,WATCH,分數<65,43.0,1.9,197.8,72.7,88.0,OK,
2472,立隆電,False,WATCH,57,WATCH,分數<65、Base<20%,-12.0,0.0,46.2,26.0,94.0,OK,
6166,凌華,False,WATCH,56.5,WATCH,分數<65,221.0,9.9,,11.8,23.0,,
6446,藥華藥,False,WATCH,56,WATCH,分數<65,58.0,9.9,82.7,17.2,61.0,,
6257,矽格,False,WATCH,56,WATCH,分數<65、Base<20%,-4.0,0.0,190.9,7.2,93.0,,
1560,中砂,False,WATCH,56,WATCH,分數<65、Base<20%,-3.0,0.0,29.7,1.9,93.0,,
5234,達興材料,False,WATCH,56,WATCH,分數<65、Base<20%,16.0,0.35,14.6,11.1,63.0,,
8016,矽創,False,WATCH,56,WATCH,分數<65,44.0,1.14,77.2,8.1,73.0,,
2535,達欣工,False,WATCH,56,WATCH,分數<65,92.0,9.9,24.3,6.5,30.0,,
2006,東和鋼鐵,False,CYCLE,56,WATCH,分數<65,30.0,1.48,35.1,12.4,58.0,,
2605,新興,False,CYCLE,56,WATCH,分數<65、Base<20%、週期高峰,-15.0,0.0,0,-4.4,1.0,,
4967,十銓,False,CYCLE,55.5,WATCH,分數<65、Base<20%、週期高峰,-77.0,0.0,0,23.1,2.0,,
2308,台達電,False,WATCH,55,WATCH,分數<65、Base<20%,-16.0,0.0,-6.5,11.4,88.0,,
2303,聯電,False,WATCH,55,WATCH,分數<65、Base<20%,12.0,0.27,189.3,13.0,93.0,,
8131,福懋科,False,WATCH,55,WATCH,分數<65,77.0,7.17,,13.7,57.0,,
8110,華東,False,WATCH,55,WATCH,分數<65,656.0,9.9,,7.1,0.0,,
1232,大統益,False,WATCH,55,WATCH,分數<65,44.0,8.87,2.6,19.5,12.0,,
4771,望隼,False,WATCH,55,WATCH,分數<65,72.0,9.9,49.0,-3.6,3.0,,
2645,長榮航太,False,CYCLE,55,WATCH,分數<65、Base<20%、週期高峰,-34.0,0.0,101.0,7.9,34.0,,
2436,偉詮電,False,WATCH,54.5,WATCH,分數<65,491.0,9.9,0,3.7,1.0,,
3006,晶豪科,False,CYCLE,54.5,WATCH,分數<65、Base<20%、週期高峰,-93.0,0.0,,196.8,40.0,,
5607,遠雄港,False,CYCLE,54.5,WATCH,分數<65,98.0,9.9,-0.4,4.5,20.0,,
3711,日月光投控,False,WATCH,54,WATCH,分數<65、Base<20%,-27.0,0.0,99.7,18.3,91.0,,
1476,儒鴻,False,WATCH,54,WATCH,分數<65,113.0,9.9,143.4,14.6,0.0,,
6449,鈺邦,False,WATCH,54,WATCH,分數<65,28.0,1.14,73.7,4.5,73.0,,
3209,全科,False,WATCH,54,WATCH,分數<65,189.0,9.9,,39.9,11.0,,
2753,八方雲集,False,WATCH,54,WATCH,分數<65,97.0,9.9,-15.5,8.4,0.0,,
5288,豐祥-KY,False,WATCH,54,WATCH,分數<65,59.0,9.9,195.7,56.7,51.0,,
2451,創見,False,CYCLE,54,WATCH,分數<65、Base<20%、週期高峰,-68.0,0.0,0,-160.1,1.0,,
5007,三星,False,CYCLE,54,WATCH,分數<65,32.0,3.74,100.7,17.7,43.0,,
3702,大聯大,False,WATCH,53,WATCH,分數<65,212.0,9.9,124.5,76.3,21.0,,
6691,洋基工程,False,WATCH,53,WATCH,分數<65,76.0,4.32,54.2,52.7,54.0,,
9945,潤泰新,False,WATCH,53,WATCH,分數<65,219.0,9.9,243.4,7.7,0.0,,
1608,華榮,False,WATCH,53,WATCH,分數<65,719.0,9.9,0,5.7,1.0,,
6505,台塑化,False,CYCLE,53,WATCH,分數<65、Base<20%、週期高峰,-44.0,0.0,,18.0,2.0,,
3036,文曄,False,WATCH,52.5,WATCH,分數<65,212.0,9.9,127.8,69.7,29.0,,
6770,力積電,False,WATCH,52,WATCH,分數<65、Base<20%,11.0,0.19,,41.8,69.0,,
2404,漢唐,False,WATCH,52,WATCH,分數<65,52.0,5.32,92.8,-24.0,70.0,,
1773,勝一,False,WATCH,52,WATCH,分數<65,37.0,3.18,37.9,14.5,40.0,,
6861,睿生光電,False,WATCH,52,WATCH,分數<65,49.0,7.78,118.7,2.0,81.0,,
8112,至上,False,WATCH,51.5,WATCH,分數<65,323.0,9.9,0,144.5,15.0,,
2207,和泰車,False,WATCH,51,WATCH,分數<65,98.0,9.9,58.3,22.2,2.0,,
8021,尖點,False,WATCH,51,WATCH,分數<65、Base<20%,-56.0,0.0,84.6,29.9,84.0,,
2359,所羅門,False,WATCH,51,WATCH,分數<65,173.0,9.9,,66.9,44.0,,
2344,華邦電,False,CYCLE,51,WATCH,分數<65、Base<20%、週期高峰,-92.0,0.0,,105.1,54.0,,
8271,宇瞻,False,CYCLE,51,WATCH,分數<65、Base<20%、週期高峰,-70.0,0.0,0,-111.7,0.0,,
8464,億豐,False,WATCH,50.5,WATCH,分數<65、Base<20%,17.0,0.9,19.8,10.0,30.0,,
2727,王品,False,WATCH,50.5,WATCH,分數<65,45.0,9.08,23.3,0.6,1.0,,
3028,增你強,False,WATCH,50.5,WATCH,分數<65,186.0,9.9,116.6,3.3,25.0,,
3037,欣興,False,WATCH,50,WATCH,分數<65、Base<20%,-16.0,0.0,0,15.1,78.0,,
3030,德律,False,WATCH,50,WATCH,分數<65、Base<20%,8.0,0.2,20.3,-7.2,76.0,,
2467,志聖,False,WATCH,50,WATCH,分數<65、Base<20%,-2.0,0.0,83.2,44.5,90.0,,
6005,群益證,False,WATCH,50,WATCH,分數<65,227.0,9.9,129.2,-42.5,5.0,,
2316,楠梓電,False,WATCH,50,WATCH,分數<65,63.0,9.9,-107.7,18.3,62.0,,
9958,世紀鋼,False,CYCLE,50,WATCH,分數<65,268.0,9.9,-57.3,53.8,0.0,,
2428,興勤,False,WATCH,49.5,WATCH,分數<65、Base<20%,16.0,0.56,111.9,35.8,93.0,,
3231,緯創,False,WATCH,49,WATCH,分數<65,102.0,9.9,41.5,-84.4,41.0,,
6781,AES-KY,False,WATCH,49,WATCH,分數<65,60.0,9.9,8.7,5.8,34.0,,
2441,超豐,False,WATCH,49,WATCH,分數<65、Base<20%,2.0,0.04,56.3,16.4,92.0,,
2382,廣達,False,WATCH,48.5,WATCH,分數<65,98.0,9.9,41.6,25.4,41.0,,
6579,研揚,False,WATCH,48,WATCH,分數<65,218.0,9.9,,26.7,27.0,,
3533,嘉澤,False,WATCH,47,WATCH,分數<65,21.0,0.86,148.6,0.4,56.0,,
5522,遠雄,False,WATCH,47,WATCH,分數<65,244.0,9.9,,304.8,5.0,,
3305,昇貿,False,WATCH,47,WATCH,分數<65,161.0,9.9,201.1,3.8,36.0,,
3416,融程電,False,WATCH,47,WATCH,分數<65,44.0,4.73,79.2,-2.9,55.0,,
2101,南港,False,CYCLE,47,WATCH,分數<65、Base<20%、週期高峰,-92.0,0.0,,-11.7,0.0,,
4766,南寶,False,WATCH,46.5,WATCH,分數<65,21.0,0.89,49.2,9.4,49.0,,
3090,日電貿,False,WATCH,46.5,WATCH,分數<65,32.0,0.88,216.9,18.4,94.0,,
3167,大量,False,WATCH,46,WATCH,分數<65,21.0,0.3,-23.2,9.6,71.0,,
4551,智伸科,False,WATCH,46,WATCH,分數<65,41.0,4.25,,10.1,62.0,,
3048,益登,False,WATCH,46,WATCH,分數<65,152.0,9.9,,38.9,44.0,,
2313,華通,False,WATCH,45.5,WATCH,分數<65、Base<20%,-55.0,0.0,45.0,7.5,93.0,,
1808,潤隆,False,WATCH,45.5,WATCH,分數<65,313.0,9.9,,20308.5,30.0,,
3029,零壹,False,WATCH,45.5,WATCH,分數<65,37.0,2.37,-8.5,32.4,56.0,,
1303,南亞,False,CYCLE,45.5,WATCH,分數<65、Base<20%、週期高峰,-84.0,0.0,,28.7,45.0,,
6239,力成,False,WATCH,45,WATCH,分數<65、Base<20%,-33.0,0.0,90.5,-7.0,89.0,,
6177,達麗,False,CYCLE,45,WATCH,分數<65、Base<20%、週期高峰,-11.0,0.0,,322.4,17.0,,
2376,技嘉,False,WATCH,44,WATCH,分數<65,112.0,6.32,54.0,-20.9,40.0,,
6526,達發,False,WATCH,44,WATCH,分數<65,30.0,1.08,12.0,7.4,42.0,,
3005,神基,False,WATCH,44,WATCH,分數<65,28.0,1.4,3.2,19.6,44.0,,
3563,牧德,False,WATCH,44,WATCH,分數<65、Base<20%,-0.0,0.0,-1.4,21.0,60.0,,
6414,樺漢,False,WATCH,44,WATCH,分數<65,41.0,3.48,57.3,34.2,68.0,,
3033,威健,False,WATCH,44,WATCH,分數<65,178.0,9.9,,47.8,35.0,,
2323,中環,False,WATCH,44,WATCH,分數<65,572.0,9.9,-145.5,13.3,1.0,,
2408,南亞科,False,CYCLE,44,WATCH,分數<65、Base<20%、週期高峰,-94.0,0.0,,-35.2,69.0,,
9937,全國,False,CYCLE,44,WATCH,分數<65,44.0,4.9,4.0,16.6,28.0,,
6214,精誠,False,WATCH,43.5,WATCH,分數<65,90.0,9.9,-14.8,34.0,33.0,,
6285,啟,False,WATCH,43,WATCH,分數<65,31.0,1.37,180.2,65.5,90.0,,
2357,華碩,False,WATCH,42,WATCH,分數<65,39.0,0.83,55.9,6.5,74.0,,
6515,穎崴,False,WATCH,42,WATCH,分數<65、Base<20%,-42.0,0.0,186.3,149.1,91.0,,
2356,英業達,False,WATCH,42,WATCH,分數<65,51.0,4.88,43.9,26.8,59.0,,
3515,華擎,False,WATCH,42,WATCH,分數<65,89.0,9.9,-32.3,61.3,35.0,,
6491,晶碩,False,WATCH,42,WATCH,分數<65,39.0,3.67,63.9,-1.5,40.0,,
2495,普安,False,WATCH,42,WATCH,分數<65,169.0,9.9,,29.1,15.0,,
2347,聯強,False,WATCH,41,WATCH,分數<65,93.0,4.95,150.0,80.0,51.0,,
2851,中再保,False,WATCH,41,WATCH,分數<65、Base<20%,9.0,0.14,208.9,-20.3,1.0,,
6901,鑽石投資,False,WATCH,41,WATCH,分數<65、Base<20%,,,,1818.4,,,
8926,台汽電,False,CYCLE,40.5,WATCH,分數<65、Base<20%、週期高峰,-21.0,0.0,-60.4,839.8,4.0,,
2542,興富發,False,WATCH,40,WATCH,分數<65,175.0,9.9,242.3,-1354.3,20.0,,
2317,鴻海,False,WATCH,39.5,WATCH,分數<65、Base<20%,12.0,0.44,17.9,20.8,83.0,,
2480,敦陽科,False,WATCH,39,WATCH,分數<65、Base<20%,15.0,0.59,7.2,8.9,72.0,,
4904,遠傳,False,WATCH,38,WATCH,分數<65、Base<20%,19.0,1.32,7.6,8.1,58.0,,
2850,新產,False,WATCH,38,WATCH,分數<65、Base<20%,-3.0,0.0,32.5,-9.7,80.0,,
1609,大亞,False,WATCH,38,WATCH,分數<65,82.0,9.9,-29.5,8.6,37.0,,
1307,三芳,False,CYCLE,38,WATCH,分數<65、Base<20%、週期高峰,-4.0,0.0,,13.5,2.0,,
3535,晶彩科,False,WATCH,37,WATCH,分數<65、Base<20%,-23.0,0.0,,-460.8,61.0,,
2891,中信金,False,WATCH,36,WATCH,分數<65、Base<20%,2.0,0.06,35.7,19.0,93.0,,
3042,晶技,False,WATCH,36,WATCH,分數<65、Base<20%,-39.0,0.0,48.3,17.3,94.0,,
1210,大成,False,WATCH,36,WATCH,分數<65,25.0,1.61,-23.6,13.4,23.0,,
6189,豐藝,False,WATCH,36,WATCH,分數<65,45.0,2.82,,10.3,38.0,,
6655,科定,False,WATCH,36,WATCH,分數<65,51.0,1.79,72.1,15.3,35.0,,
2884,玉山金,False,WATCH,35,WATCH,分數<65,29.0,2.78,26.1,-2.4,38.0,,
