ticker,claim_type,claim,source_url,source_name,published_at,research_date,confidence,direction,notes
3008,next_platform,CPO量產導向客戶送樣認證中，最快2027年中貢獻營收,https://www.youtube.com/watch?v=-J-z_Lk41gs,先探i投資,2026-09-04,2026-09-13,0.55,positive,影片 -J-z_Lk41gs 自動萃取，未核實；入 evidence_ledger 前需人工確認
3008,new_capacity,今年五度買地砸重金約63億元擴產,https://www.youtube.com/watch?v=-J-z_Lk41gs,先探i投資,2026-09-04,2026-09-13,0.6,positive,影片 -J-z_Lk41gs 自動萃取，未核實；入 evidence_ledger 前需人工確認
3037,governance,欣興洗產地爭議產品為低階PCB而非高階ABF載板，非做假帳，對營收本質影響有限,https://www.youtube.com/watch?v=0qHY3utUy9c,郭哲榮分析師-摩爾證券投顧,2026-08-31,2026-09-13,0.35,neutral,影片 0qHY3utUy9c 自動萃取，未核實；入 evidence_ledger 前需人工確認
3491,eps_revision,"低軌衛星星間鏈路組件放量,法人估今年EPS 18.5元(年增135%)、明年35.6元(年增逾9成)",https://www.youtube.com/watch?v=1wwz90sVkJk,MVP財經生活頻道,2026-09-03,2026-09-13,0.55,positive,影片 1wwz90sVkJk 自動萃取，未核實；入 evidence_ledger 前需人工確認
6426,new_product_mix,"WDM濾光片切入低軌衛星供應鏈並開始小批量交付,上半年EPS 2.96元轉盈",https://www.youtube.com/watch?v=1wwz90sVkJk,MVP財經生活頻道,2026-09-03,2026-09-13,0.5,positive,影片 1wwz90sVkJk 自動萃取，未核實；入 evidence_ledger 前需人工確認
7717,order_visibility,"受惠OISL光學星間鏈路需求,法人估今年EPS 8.5元、明年12.4元",https://www.youtube.com/watch?v=1wwz90sVkJk,MVP財經生活頻道,2026-09-03,2026-09-13,0.5,positive,影片 1wwz90sVkJk 自動萃取，未核實；入 evidence_ledger 前需人工確認
2408,other,Investing.com公允價值工具評估南亞科有20%以上上漲空間,https://www.youtube.com/watch?v=26Oa8VayU6w,尼可拉斯楊Live精,2026-08-21,2026-09-13,0.3,positive,影片 26Oa8VayU6w 自動萃取，未核實；入 evidence_ledger 前需人工確認
2455,eps_revision,全新1.6T PD產品下半年放量，法人預估明年EPS看9.4元(年增約7成),https://www.youtube.com/watch?v=3Paqg15HpJE,MVP財經生活頻道,2026-09-10,2026-09-13,0.5,positive,影片 3Paqg15HpJE 自動萃取，未核實；入 evidence_ledger 前需人工確認
3450,eps_revision,聯鈞法人預估今年EPS 9.8元(去年5.01元)，明年估看15.9元，AI相關營收占比大幅提升,https://www.youtube.com/watch?v=3Paqg15HpJE,MVP財經生活頻道,2026-09-10,2026-09-13,0.5,positive,影片 3Paqg15HpJE 自動萃取，未核實；入 evidence_ledger 前需人工確認
6525,next_platform,捷敏-KY(聯鈞轉投資)佈局電源管理IC封測，並發展CPO/NPO近封裝光學(工程樣品階段),https://www.youtube.com/watch?v=3Paqg15HpJE,MVP財經生活頻道,2026-09-10,2026-09-13,0.4,positive,影片 3Paqg15HpJE 自動萃取，未核實；入 evidence_ledger 前需人工確認
3374,governance,市場傳聞台積電可能出售精材股權,https://www.youtube.com/watch?v=3ZFaD9tKVW8,郭哲榮分析師-摩爾證券投顧,2026-08-17,2026-09-13,0.2,negative,影片 3ZFaD9tKVW8 自動萃取，未核實；入 evidence_ledger 前需人工確認
3008,new_capacity,大立光2026年6至8月斥資63億元五連買土地布局CPO光學對位產能,https://www.youtube.com/watch?v=4AT7ESren_o,先探i投資,2026-09-03,2026-09-13,0.6,positive,影片 4AT7ESren_o 自動萃取，未核實；入 evidence_ledger 前需人工確認
3406,governance,玉晶光首度私募約20億元，引進戰略投資人並擴大全球產能與CPO/矽光子業務,https://www.youtube.com/watch?v=4AT7ESren_o,先探i投資,2026-09-03,2026-09-13,0.55,positive,影片 4AT7ESren_o 自動萃取，未核實；入 evidence_ledger 前需人工確認
3406,order_visibility,康寧獲輝達預付30億美元鎖定產能，透過玉晶光合作CPO光學對位平台並對接台積電COUPE聯盟,https://www.youtube.com/watch?v=4AT7ESren_o,先探i投資,2026-09-03,2026-09-13,0.55,positive,影片 4AT7ESren_o 自動萃取，未核實；入 evidence_ledger 前需人工確認
3008,eps_revision,大立光CPO業務預估2027至2028年放量，貢獻營收10%至20%,https://www.youtube.com/watch?v=4AT7ESren_o,先探i投資,2026-09-03,2026-09-13,0.5,positive,影片 4AT7ESren_o 自動萃取，未核實；入 evidence_ledger 前需人工確認
3406,eps_revision,玉晶光光學連接器2027年占營收15%以上、2028年超過20%,https://www.youtube.com/watch?v=4AT7ESren_o,先探i投資,2026-09-03,2026-09-13,0.5,positive,影片 4AT7ESren_o 自動萃取，未核實；入 evidence_ledger 前需人工確認
8299,other,InvestingPro估值模型顯示群聯上漲潛力約45%,https://www.youtube.com/watch?v=5HEAo9a-y1w,尼可拉斯楊Live精,2026-09-07,2026-09-13,0.25,positive,影片 5HEAo9a-y1w 自動萃取，未核實；入 evidence_ledger 前需人工確認
5289,eps_revision,宜鼎前8月營收年增576.29%、半年獲利已超過去20年總和，InvestingPro估值上漲潛力22%,https://www.youtube.com/watch?v=5HEAo9a-y1w,尼可拉斯楊Live精,2026-09-07,2026-09-13,0.35,positive,影片 5HEAo9a-y1w 自動萃取，未核實；入 evidence_ledger 前需人工確認
2454,order_visibility,輝達首次投資台灣公司，聯發科邊緣運算/ASIC客製化題材增溫,https://www.youtube.com/watch?v=5xHIEebCD80,郭哲榮分析師-摩爾證券投顧,2026-09-01,2026-09-13,0.5,positive,影片 5xHIEebCD80 自動萃取，未核實；入 evidence_ledger 前需人工確認
2344,order_visibility,記憶體供需持續偏緊，華邦電雖不便宜但看好續漲,https://www.youtube.com/watch?v=5xHIEebCD80,郭哲榮分析師-摩爾證券投顧,2026-09-01,2026-09-13,0.4,positive,影片 5xHIEebCD80 自動萃取，未核實；入 evidence_ledger 前需人工確認
6532,eps_revision,台勝科8月營收創高，矽晶圓缺貨，明年營收估成長50~100%,https://www.youtube.com/watch?v=6YVdmyses44,郭哲榮分析師-摩爾證券投顧,2026-09-08,2026-09-13,0.4,positive,影片 6YVdmyses44 自動萃取，未核實；入 evidence_ledger 前需人工確認
8299,governance,群聯老闆布局到位，持續看好記憶體缺貨行情,https://www.youtube.com/watch?v=6YVdmyses44,郭哲榮分析師-摩爾證券投顧,2026-09-08,2026-09-13,0.45,positive,影片 6YVdmyses44 自動萃取，未核實；入 evidence_ledger 前需人工確認
5483,order_visibility,ABF搶料，中美晶迎轉單利多,https://www.youtube.com/watch?v=6Zlek2Po_cc,郭哲榮分析師-摩爾證券投顧,2026-08-21,2026-09-13,0.4,positive,影片 6Zlek2Po_cc 自動萃取，未核實；入 evidence_ledger 前需人工確認
6488,next_platform,矽晶圓缺貨預期延續至明年，投信偷買認養,https://www.youtube.com/watch?v=6Zlek2Po_cc,郭哲榮分析師-摩爾證券投顧,2026-08-21,2026-09-13,0.4,positive,影片 6Zlek2Po_cc 自動萃取，未核實；入 evidence_ledger 前需人工確認
2454,governance,發行39億美元ECB，九成額度由輝達認購,https://www.youtube.com/watch?v=7LRtPdm2lU8,鈔錢部署–華視優選,2026-09-08,2026-09-13,0.55,positive,影片 7LRtPdm2lU8 自動萃取，未核實；入 evidence_ledger 前需人工確認
2330,new_capacity,明年資本支出上看1000億美元，惟受限設備/無塵室產能,https://www.youtube.com/watch?v=7LRtPdm2lU8,鈔錢部署–華視優選,2026-09-08,2026-09-13,0.5,positive,影片 7LRtPdm2lU8 自動萃取，未核實；入 evidence_ledger 前需人工確認
2360,eps_revision,明年EPS樂觀版本上看翻倍，受惠台積電/台達電/光通訊三引擎,https://www.youtube.com/watch?v=7LRtPdm2lU8,鈔錢部署–華視優選,2026-09-08,2026-09-13,0.5,positive,影片 7LRtPdm2lU8 自動萃取，未核實；入 evidence_ledger 前需人工確認
6146,other,沿用過去華為基地台高壓高溫測試技術複用至AI晶片測試,https://www.youtube.com/watch?v=7LRtPdm2lU8,鈔錢部署–華視優選,2026-09-08,2026-09-13,0.4,positive,影片 7LRtPdm2lU8 自動萃取，未核實；入 evidence_ledger 前需人工確認
6156,new_product_mix,台虹PTFE材料可能用於輝達Rubin Ultra/Feynman世代板材，惟尚未Final,https://www.youtube.com/watch?v=7kBCllpgVKM,鈔錢部署–華視優選,2026-09-01,2026-09-13,0.4,positive,影片 7kBCllpgVKM 自動萃取，未核實；入 evidence_ledger 前需人工確認
3653,new_product_mix,健策均熱片規格由一片升級兩片(甚至AMD考慮三片)，單價倍增帶動營收成長,https://www.youtube.com/watch?v=7kBCllpgVKM,鈔錢部署–華視優選,2026-09-01,2026-09-13,0.5,positive,影片 7kBCllpgVKM 自動萃取，未核實；入 evidence_ledger 前需人工確認
3324,order_visibility,雙鴻受惠輝達/AWS/Google水冷模組需求外溢,https://www.youtube.com/watch?v=7kBCllpgVKM,鈔錢部署–華視優選,2026-09-01,2026-09-13,0.45,positive,影片 7kBCllpgVKM 自動萃取，未核實；入 evidence_ledger 前需人工確認
3017,order_visibility,奇鋐切入AMD Helios機種，水冷板設計難度提高、量價齊升,https://www.youtube.com/watch?v=7kBCllpgVKM,鈔錢部署–華視優選,2026-09-01,2026-09-13,0.45,positive,影片 7kBCllpgVKM 自動萃取，未核實；入 evidence_ledger 前需人工確認
2301,eps_revision,光寶科今年EPS預估由8元跳升至10元,https://www.youtube.com/watch?v=8SMag48p2NQ,鈔錢部署–華視優選,2026-09-03,2026-09-13,0.35,positive,影片 8SMag48p2NQ 自動萃取，未核實；入 evidence_ledger 前需人工確認
2308,eps_revision,台達電明年EPS估再成長5~6成，今年EPS約41元已滿載,https://www.youtube.com/watch?v=8SMag48p2NQ,鈔錢部署–華視優選,2026-09-03,2026-09-13,0.4,positive,影片 8SMag48p2NQ 自動萃取，未核實；入 evidence_ledger 前需人工確認
2883,eps_revision,凱基金獲利年增率高、股價淨值比僅1.61，相對壽險股價位階低,https://www.youtube.com/watch?v=8SMag48p2NQ,鈔錢部署–華視優選,2026-09-03,2026-09-13,0.3,positive,影片 8SMag48p2NQ 自動萃取，未核實；入 evidence_ledger 前需人工確認
0050,other,"0050五年/十年報酬率與波動率優於槓桿型正2 ETF(00631L),長期夏普比率更高",https://www.youtube.com/watch?v=9Fe_szGivZc,MVP財經生活頻道,2026-08-15,2026-09-13,0.5,neutral,影片 9Fe_szGivZc 自動萃取，未核實；入 evidence_ledger 前需人工確認
6156,new_product_mix,台虹PTFE材料可能用於輝達Rubin Ultra/Feynman世代板材，惟尚未Final（與9/1集重複）,https://www.youtube.com/watch?v=ApBzkrwPAvI,鈔錢部署–華視優選,2026-09-04,2026-09-13,0.4,positive,影片 ApBzkrwPAvI 自動萃取，未核實；入 evidence_ledger 前需人工確認
2330,eps_revision,"2027年EPS看140元，PE 20至25倍對應2,700至2,800元甜甜價",https://www.youtube.com/watch?v=Bs55yATyOTo,鈔錢部署–華視優選,2026-08-15,2026-09-13,0.55,positive,影片 Bs55yATyOTo 自動萃取，未核實；入 evidence_ledger 前需人工確認
2330,order_visibility,CoWoS產能不足致部分AI晶片出貨遞延但訂單未消失,https://www.youtube.com/watch?v=Bs55yATyOTo,鈔錢部署–華視優選,2026-08-15,2026-09-13,0.5,neutral,影片 Bs55yATyOTo 自動萃取，未核實；入 evidence_ledger 前需人工確認
2330,order_visibility,"魏哲家親訪客戶的客戶確認AI晶圓需求真實性,台灣擴增約13條產線、美國承諾10~12座晶圓廠",https://www.youtube.com/watch?v=C4A-jhyFpoE,鈔錢部署–華視優選,2026-08-19,2026-09-13,0.55,positive,影片 C4A-jhyFpoE 自動萃取，未核實；入 evidence_ledger 前需人工確認
2327,order_visibility,村田(Murata)傳停供，被動元件族群(國巨/華新科/信昌電)迎轉單,https://www.youtube.com/watch?v=CRZGgo5PGh8,郭哲榮分析師-摩爾證券投顧,2026-09-11,2026-09-13,0.45,positive,影片 CRZGgo5PGh8 自動萃取，未核實；入 evidence_ledger 前需人工確認
2308,eps_revision,"去年獲利+7成,今年估+7成,明年估再+6成,7月營收年增47%",https://www.youtube.com/watch?v=DDPe6TCq19E,鈔錢部署–華視優選,2026-09-05,2026-09-13,0.5,positive,影片 DDPe6TCq19E 自動萃取，未核實；入 evidence_ledger 前需人工確認
2301,eps_revision,"今年EPS預估從8元跳升至10元帶動股價1個月大漲5成,惟營收成長仍低於上市櫃均值",https://www.youtube.com/watch?v=DDPe6TCq19E,鈔錢部署–華視優選,2026-09-05,2026-09-13,0.45,neutral,影片 DDPe6TCq19E 自動萃取，未核實；入 evidence_ledger 前需人工確認
6488,order_visibility,環球晶明年營收顯著增加、Q4(10-12月)發動缺貨行情,https://www.youtube.com/watch?v=DeJvfoJL6UQ,郭哲榮分析師-摩爾證券投顧,2026-08-05,2026-09-13,0.3,positive,影片 DeJvfoJL6UQ 自動萃取，未核實；入 evidence_ledger 前需人工確認
2408,eps_revision,南亞科今年法人估配息約32元，以600元計殖利率約5%,https://www.youtube.com/watch?v=E-yTZ1SB-Pk,鈔錢部署–華視優選,2026-08-25,2026-09-13,0.5,positive,影片 E-yTZ1SB-Pk 自動萃取，未核實；入 evidence_ledger 前需人工確認
2603,order_visibility,長榮美國線運價年增2.5-3倍，若荷姆茲海峽情勢持續熱度可延續,https://www.youtube.com/watch?v=E-yTZ1SB-Pk,鈔錢部署–華視優選,2026-08-25,2026-09-13,0.5,positive,影片 E-yTZ1SB-Pk 自動萃取，未核實；入 evidence_ledger 前需人工確認
5289,order_visibility,宜鼎於北京機器人展及上海AI展積極展示邊緣運算儲存裝置，深耕中國市場,https://www.youtube.com/watch?v=EsoPbOyB7rU,先探i投資,2026-08-28,2026-09-13,0.4,neutral,影片 EsoPbOyB7rU 自動萃取，未核實；入 evidence_ledger 前需人工確認
,other,台灣機器人硬體零組件廠（上銀、全球傳動、宇隆等）面臨大陸紅海價格競爭，長期基本面轉弱疑慮,https://www.youtube.com/watch?v=EsoPbOyB7rU,先探i投資,2026-08-28,2026-09-13,0.4,negative,影片 EsoPbOyB7rU 自動萃取，未核實；入 evidence_ledger 前需人工確認
3037,governance,欣興洗產地爭議屬個別事件，初階PCB占營收獲利比重不大，影響有限,https://www.youtube.com/watch?v=FItki1-O4k4,MVP財經生活頻道,2026-09-12,2026-09-13,0.5,neutral,影片 FItki1-O4k4 自動萃取，未核實；入 evidence_ledger 前需人工確認
8046,eps_revision,南電今明兩年EPS成長率172%，為ABF三雄中最高,https://www.youtube.com/watch?v=FItki1-O4k4,MVP財經生活頻道,2026-09-12,2026-09-13,0.55,positive,影片 FItki1-O4k4 自動萃取，未核實；入 evidence_ledger 前需人工確認
3189,eps_revision,景碩今明兩年EPS成長率142%(10.58→25.67元),https://www.youtube.com/watch?v=FItki1-O4k4,MVP財經生活頻道,2026-09-12,2026-09-13,0.5,positive,影片 FItki1-O4k4 自動萃取，未核實；入 evidence_ledger 前需人工確認
,other,7月創新高個股210家中101家連兩月創新高(約48%延續率),https://www.youtube.com/watch?v=FItki1-O4k4,MVP財經生活頻道,2026-09-12,2026-09-13,0.55,positive,影片 FItki1-O4k4 自動萃取，未核實；入 evidence_ledger 前需人工確認
2368,other,金像電為AI伺服器PCB主要供應商，基本面未因投信停損賣壓而惡化,https://www.youtube.com/watch?v=JnNK1qrcPZI,MVP財經生活頻道,2026-08-29,2026-09-13,0.55,positive,影片 JnNK1qrcPZI 自動萃取，未核實；入 evidence_ledger 前需人工確認
2360,other,致茂籌碼於半年線1730元附近由投信轉買超,https://www.youtube.com/watch?v=JnNK1qrcPZI,MVP財經生活頻道,2026-08-29,2026-09-13,0.5,positive,影片 JnNK1qrcPZI 自動萃取，未核實；入 evidence_ledger 前需人工確認
2606,eps_revision,裕民EPS逐季成長（Q1約1.17→Q2 2.34），外資連續買超,https://www.youtube.com/watch?v=JnNK1qrcPZI,MVP財經生活頻道,2026-08-29,2026-09-13,0.5,positive,影片 JnNK1qrcPZI 自動萃取，未核實；入 evidence_ledger 前需人工確認
2204,eps_revision,中華車EPS逐季成長（Q1約1.16→Q2 1.99），股價淨值比僅0.8倍,https://www.youtube.com/watch?v=JnNK1qrcPZI,MVP財經生活頻道,2026-08-29,2026-09-13,0.5,positive,影片 JnNK1qrcPZI 自動萃取，未核實；入 evidence_ledger 前需人工確認
2542,eps_revision,興富發受惠打房鬆綁，EPS逐季成長（Q1約1.12→Q2 1.28）,https://www.youtube.com/watch?v=JnNK1qrcPZI,MVP財經生活頻道,2026-08-29,2026-09-13,0.45,positive,影片 JnNK1qrcPZI 自動萃取，未核實；入 evidence_ledger 前需人工確認
2441,other,超豐大戶持股8月起回升，封測產能吃緊題材發酵,https://www.youtube.com/watch?v=JnNK1qrcPZI,MVP財經生活頻道,2026-08-29,2026-09-13,0.45,positive,影片 JnNK1qrcPZI 自動萃取，未核實；入 evidence_ledger 前需人工確認
3305,other,昇貿大戶回補、低軌衛星錫膏概念題材,https://www.youtube.com/watch?v=JnNK1qrcPZI,MVP財經生活頻道,2026-08-29,2026-09-13,0.4,positive,影片 JnNK1qrcPZI 自動萃取，未核實；入 evidence_ledger 前需人工確認
2330,new_capacity,2奈米產能2026→2028年由5~6萬片擴至18萬片，5座新竹/高雄廠陸續放量,https://www.youtube.com/watch?v=KXi_Y09F2Nk,MVP財經生活頻道,2026-08-20,2026-09-13,0.55,positive,影片 KXi_Y09F2Nk 自動萃取，未核實；入 evidence_ledger 前需人工確認
1560,eps_revision,法人預估中砂明年EPS上看18.3元，受惠鑽石碟與再生晶圓雙引擎,https://www.youtube.com/watch?v=KXi_Y09F2Nk,MVP財經生活頻道,2026-08-20,2026-09-13,0.4,positive,影片 KXi_Y09F2Nk 自動萃取，未核實；入 evidence_ledger 前需人工確認
3680,eps_revision,法人預估家登明年EPS達20.7元、年增45.8%,https://www.youtube.com/watch?v=KXi_Y09F2Nk,MVP財經生活頻道,2026-08-20,2026-09-13,0.4,positive,影片 KXi_Y09F2Nk 自動萃取，未核實；入 evidence_ledger 前需人工確認
8028,new_capacity,昇陽半再生晶圓月產能年底達120萬片，中港廠Fab3B完全投產後續增，明年EPS估成長逾5成,https://www.youtube.com/watch?v=KXi_Y09F2Nk,MVP財經生活頻道,2026-08-20,2026-09-13,0.4,positive,影片 KXi_Y09F2Nk 自動萃取，未核實；入 evidence_ledger 前需人工確認
2327,order_visibility,MLCC庫存創史上新低(降約8%)，庫存金額成長,https://www.youtube.com/watch?v=L9I2rBZsub0,郭哲榮分析師-摩爾證券投顧,2026-09-04,2026-09-13,0.5,positive,影片 L9I2rBZsub0 自動萃取，未核實；入 evidence_ledger 前需人工確認
8299,new_product_mix,NAND控制晶片客製化韌體布局，EPS成長機會,https://www.youtube.com/watch?v=L9I2rBZsub0,郭哲榮分析師-摩爾證券投顧,2026-09-04,2026-09-13,0.45,positive,影片 L9I2rBZsub0 自動萃取，未核實；入 evidence_ledger 前需人工確認
6196,new_capacity,資本支出增加近2倍，受惠AI設備擴產,https://www.youtube.com/watch?v=L9I2rBZsub0,郭哲榮分析師-摩爾證券投顧,2026-09-04,2026-09-13,0.4,positive,影片 L9I2rBZsub0 自動萃取，未核實；入 evidence_ledger 前需人工確認
3532,other,矽晶圓明年可能全面缺貨，台勝科籌碼乾淨率先反映,https://www.youtube.com/watch?v=LGZLJtO7opk,郭哲榮分析師-摩爾證券投顧,2026-09-09,2026-09-13,0.45,positive,影片 LGZLJtO7opk 自動萃取，未核實；入 evidence_ledger 前需人工確認
8299,order_visibility,記憶體長約(LTA)報價低於現貨、供應商已鎖7成產能至2031年，缺貨非短週期現象,https://www.youtube.com/watch?v=LGZLJtO7opk,郭哲榮分析師-摩爾證券投顧,2026-09-09,2026-09-13,0.5,positive,影片 LGZLJtO7opk 自動萃取，未核實；入 evidence_ledger 前需人工確認
8299,eps_revision,Q2 EPS 118元創台股最高，記憶體上行週期未結束,https://www.youtube.com/watch?v=M02axsYw2Fs,郭哲榮分析師-摩爾證券投顧,2026-08-14,2026-09-13,0.55,positive,影片 M02axsYw2Fs 自動萃取，未核實；入 evidence_ledger 前需人工確認
2382,order_visibility,AI伺服器訂單能見度看到2028年，本益比不到11倍,https://www.youtube.com/watch?v=M02axsYw2Fs,郭哲榮分析師-摩爾證券投顧,2026-08-14,2026-09-13,0.5,positive,影片 M02axsYw2Fs 自動萃取，未核實；入 evidence_ledger 前需人工確認
5483,next_platform,矽晶圓可望複製ABF載板行情，未來數年缺貨,https://www.youtube.com/watch?v=M02axsYw2Fs,郭哲榮分析師-摩爾證券投顧,2026-08-14,2026-09-13,0.4,positive,影片 M02axsYw2Fs 自動萃取，未核實；入 evidence_ledger 前需人工確認
6488,next_platform,矽晶圓缺貨接力ABF行情，法人談及千元以上目標,https://www.youtube.com/watch?v=M02axsYw2Fs,郭哲榮分析師-摩爾證券投顧,2026-08-14,2026-09-13,0.4,positive,影片 M02axsYw2Fs 自動萃取，未核實；入 evidence_ledger 前需人工確認
2449,governance,京元電出售中國蘇州京隆科技，處分利益38.27億元挹注EPS並加發現金股息,https://www.youtube.com/watch?v=MFSkIsA8cgU,先探i投資,2026-09-11,2026-09-13,0.7,positive,影片 MFSkIsA8cgU 自動萃取，未核實；入 evidence_ledger 前需人工確認
2449,next_platform,京元電資本支出上修至500億元，聚焦AI/HPC先進測試產能（CoWoS後段測試）,https://www.youtube.com/watch?v=MFSkIsA8cgU,先探i投資,2026-09-11,2026-09-13,0.6,positive,影片 MFSkIsA8cgU 自動萃取，未核實；入 evidence_ledger 前需人工確認
2449,eps_revision,京元電上半年EPS 3.91元，法人估全年挑戰8~9元,https://www.youtube.com/watch?v=MFSkIsA8cgU,先探i投資,2026-09-11,2026-09-13,0.5,positive,影片 MFSkIsA8cgU 自動萃取，未核實；入 evidence_ledger 前需人工確認
3008,new_product_mix,切入CPO/FA/PMLA光通訊新產品線，搭配台積電COUPE 2027-2028年放量,https://www.youtube.com/watch?v=MuwJRE8GYwE,鈔錢部署–華視優選,2026-09-02,2026-09-13,0.5,positive,影片 MuwJRE8GYwE 自動萃取，未核實；入 evidence_ledger 前需人工確認
3008,eps_revision,明年EPS約200元，2028年為爆發年,https://www.youtube.com/watch?v=MuwJRE8GYwE,鈔錢部署–華視優選,2026-09-02,2026-09-13,0.45,positive,影片 MuwJRE8GYwE 自動萃取，未核實；入 evidence_ledger 前需人工確認
2454,order_visibility,聯發科TPU/ASIC訂單存在被超微(AMD)搶單風險(以Google案例為例),https://www.youtube.com/watch?v=Mv79TduY4nU,郭哲榮分析師-摩爾證券投顧,2026-08-20,2026-09-13,0.3,negative,影片 Mv79TduY4nU 自動萃取，未核實；入 evidence_ledger 前需人工確認
2454,order_visibility,"發行39億美元ECB,輝達認購9成,反映其對Google TPU與PC/NB晶片合作的關鍵地位",https://www.youtube.com/watch?v=O1TDaE7GqD4,鈔錢部署–華視優選,2026-09-09,2026-09-13,0.6,positive,影片 O1TDaE7GqD4 自動萃取，未核實；入 evidence_ledger 前需人工確認
2330,new_capacity,"明年資本支出市場預期上看1000億美元,惟受限設備與無塵室產能,既有產能與盟友更顯稀缺",https://www.youtube.com/watch?v=O1TDaE7GqD4,鈔錢部署–華視優選,2026-09-09,2026-09-13,0.5,positive,影片 O1TDaE7GqD4 自動萃取，未核實；入 evidence_ledger 前需人工確認
6488,order_visibility,"記憶體最晚明年中將嚴重缺貨,環球晶擴產可望滿足需求",https://www.youtube.com/watch?v=OMbYYc2xSZc,郭哲榮分析師-摩爾證券投顧,2026-08-10,2026-09-13,0.4,positive,影片 OMbYYc2xSZc 自動萃取，未核實；入 evidence_ledger 前需人工確認
2330,order_visibility,"台積電20廠滿載仍供不應求,Google/美光/欣興/戴爾齊聲喊AI算力/記憶體/載板缺貨",https://www.youtube.com/watch?v=PDbuVIM9aWk,郭哲榮分析師-摩爾證券投顧,2026-09-03,2026-09-13,0.4,positive,影片 PDbuVIM9aWk 自動萃取，未核實；入 evidence_ledger 前需人工確認
2454,other,"黃仁勳(NVIDIA)投資聯發科ASIC,郭哲榮稱「風口上的豬」,4000元附近再度買入",https://www.youtube.com/watch?v=PpNF8G8RBqk,郭哲榮分析師-摩爾證券投顧,2026-09-07,2026-09-13,0.3,positive,影片 PpNF8G8RBqk 自動萃取，未核實；入 evidence_ledger 前需人工確認
2603,order_visibility,美國線運價年增2.5-3倍，法人喊出目標價300元以上,https://www.youtube.com/watch?v=QIxslgqA3RU,鈔錢部署–華視優選,2026-08-28,2026-09-13,0.4,positive,影片 QIxslgqA3RU 自動萃取，未核實；入 evidence_ledger 前需人工確認
2408,other,配息率與法說透明度優於海外同業，估值相對便宜,https://www.youtube.com/watch?v=QIxslgqA3RU,鈔錢部署–華視優選,2026-08-28,2026-09-13,0.45,positive,影片 QIxslgqA3RU 自動萃取，未核實；入 evidence_ledger 前需人工確認
3481,next_platform,群創FOPLP高階封裝轉型，題材預估2027至2028年發酵,https://www.youtube.com/watch?v=QOFhYsXJiDk,鈔錢部署–華視優選,2026-08-27,2026-09-13,0.5,positive,影片 QOFhYsXJiDk 自動萃取，未核實；入 evidence_ledger 前需人工確認
2345,eps_revision,智邦EPS 113年20餘元→2026年近90元→2027年116元，長期投信認養,https://www.youtube.com/watch?v=QOFhYsXJiDk,鈔錢部署–華視優選,2026-08-27,2026-09-13,0.6,positive,影片 QOFhYsXJiDk 自動萃取，未核實；入 evidence_ledger 前需人工確認
2357,eps_revision,華碩EPS 53至57元，2Q法說超乎預期,https://www.youtube.com/watch?v=QOFhYsXJiDk,鈔錢部署–華視優選,2026-08-27,2026-09-13,0.55,positive,影片 QOFhYsXJiDk 自動萃取，未核實；入 evidence_ledger 前需人工確認
3017,other,奇鋐市值(約1.1兆)超越中華電信(約1兆),https://www.youtube.com/watch?v=QOFhYsXJiDk,鈔錢部署–華視優選,2026-08-27,2026-09-13,0.6,positive,影片 QOFhYsXJiDk 自動萃取，未核實；入 evidence_ledger 前需人工確認
3374,other,"精材籌碼輕,EPS微增有望挑戰500~1000元",https://www.youtube.com/watch?v=QgxU_rT6wDw,郭哲榮分析師-摩爾證券投顧,2026-08-26,2026-09-13,0.3,positive,影片 QgxU_rT6wDw 自動萃取，未核實；入 evidence_ledger 前需人工確認
00685L,other,00685L經理費0.3%為同類最低，10年累積報酬2541%顯著優於同業(2533%/2431%/2418%),https://www.youtube.com/watch?v=Qxhsluebj04,鈔錢部署–華視優選,2026-08-20,2026-09-13,0.6,positive,影片 Qxhsluebj04 自動萃取，未核實；入 evidence_ledger 前需人工確認
6669,eps_revision,法人估緯穎2028年EPS上看500多元(近6~7000),https://www.youtube.com/watch?v=R8eM7fBq3ok,鈔錢部署–華視優選,2026-08-23,2026-09-13,0.3,positive,影片 R8eM7fBq3ok 自動萃取，未核實；入 evidence_ledger 前需人工確認
2330,order_visibility,"輝達預期2027營收再增70%,agentic AI算力需求達15~100倍,對台積電先進封裝/CoWoS需求外溢",https://www.youtube.com/watch?v=S--vrQWugVI,尼可拉斯楊Live精,2026-08-29,2026-09-13,0.5,positive,影片 S--vrQWugVI 自動萃取，未核實；入 evidence_ledger 前需人工確認
NVDA,other,輝達財報毛利率下滑(75%→71~72%)但營收年增70%，記憶體漲價侵蝕毛利率但需求端仍強,https://www.youtube.com/watch?v=T7hxJSa-tDA,郭哲榮分析師-摩爾證券投顧,2026-08-27,2026-09-13,0.4,neutral,影片 T7hxJSa-tDA 自動萃取，未核實；入 evidence_ledger 前需人工確認
2317,eps_revision,鴻海法說會可能上修明年EPS看向20元,https://www.youtube.com/watch?v=UCatYJ01qfM,郭哲榮分析師-摩爾證券投顧,2026-08-11,2026-09-13,0.3,positive,影片 UCatYJ01qfM 自動萃取，未核實；入 evidence_ledger 前需人工確認
6488,other,矽晶圓將因記憶體/成熟製程擴產而轉為嚴重缺貨,https://www.youtube.com/watch?v=UCatYJ01qfM,郭哲榮分析師-摩爾證券投顧,2026-08-11,2026-09-13,0.25,positive,影片 UCatYJ01qfM 自動萃取，未核實；入 evidence_ledger 前需人工確認
TAIEX,other,今年上市公司獲利年增59%、明年29%，GDP今年11%明年6%,https://www.youtube.com/watch?v=Xu3rURdKb1U,鈔錢部署–華視優選,2026-08-22,2026-09-13,0.45,positive,影片 Xu3rURdKb1U 自動萃取，未核實；入 evidence_ledger 前需人工確認
3037,governance,欣興洗產地事件本質偏籌碼面(主動式ETF持有部位大)而非做假帳,https://www.youtube.com/watch?v=_aZeEUVV24o,鈔錢部署–華視優選,2026-09-12,2026-09-13,0.3,neutral,影片 _aZeEUVV24o 自動萃取，未核實；入 evidence_ledger 前需人工確認
8299,order_visibility,HBM/DRAM缺貨導致供應鏈瓶頸持續，Dell等大廠反映記憶體供給不足,https://www.youtube.com/watch?v=_tsuHmB-QWE,郭哲榮分析師-摩爾證券投顧,2026-09-02,2026-09-13,0.5,positive,影片 _tsuHmB-QWE 自動萃取，未核實；入 evidence_ledger 前需人工確認
2454,order_visibility,聯發科深化輝達/Alphabet合作，ASIC題材延伸至智原(3035),https://www.youtube.com/watch?v=_tsuHmB-QWE,郭哲榮分析師-摩爾證券投顧,2026-09-02,2026-09-13,0.45,positive,影片 _tsuHmB-QWE 自動萃取，未核實；入 evidence_ledger 前需人工確認
6182,eps_revision,"Q2轉虧為盈,毛利率19.03%→22.64%,單季淨利季增13.8倍",https://www.youtube.com/watch?v=bJJsjz5k5Tg,先探i投資,2026-08-21,2026-09-13,0.6,positive,影片 bJJsjz5k5Tg 自動萃取，未核實；入 evidence_ledger 前需人工確認
6182,order_visibility,"7月營收年增18.9%,前7月累計年增10.5%,庫存去化近尾聲",https://www.youtube.com/watch?v=bJJsjz5k5Tg,先探i投資,2026-08-21,2026-09-13,0.6,positive,影片 bJJsjz5k5Tg 自動萃取，未核實；入 evidence_ledger 前需人工確認
6182,new_capacity,"159.5億元擴產二林(12吋,2027中月產能10萬片)/鄭州(7.5萬片)/竹南GaN(2000片)",https://www.youtube.com/watch?v=bJJsjz5k5Tg,先探i投資,2026-08-21,2026-09-13,0.6,positive,影片 bJJsjz5k5Tg 自動萃取，未核實；入 evidence_ledger 前需人工確認
6182,new_product_mix,"方形矽晶圓/SOI矽光子完成客戶導入並出貨,切入AI先進封裝/CPO材料供應鏈",https://www.youtube.com/watch?v=bJJsjz5k5Tg,先探i投資,2026-08-21,2026-09-13,0.55,positive,影片 bJJsjz5k5Tg 自動萃取，未核實；入 evidence_ledger 前需人工確認
6182,governance,"159.5億元擴產恐需發行可轉債(CB),未來1~2年可能稀釋股本",https://www.youtube.com/watch?v=bJJsjz5k5Tg,先探i投資,2026-08-21,2026-09-13,0.5,negative,影片 bJJsjz5k5Tg 自動萃取，未核實；入 evidence_ledger 前需人工確認
6488,other,"矽晶圓(6吋/8吋/12吋)三年多來首度全面調漲約一成,產業鏈報價陸續生效",https://www.youtube.com/watch?v=bWdKiMGXFOc,郭哲榮分析師-摩爾證券投顧,2026-08-24,2026-09-13,0.45,positive,影片 bWdKiMGXFOc 自動萃取，未核實；入 evidence_ledger 前需人工確認
,other,美國公債規模自2020年約23兆美元增至2026年近40兆美元,https://www.youtube.com/watch?v=bv984mVidR8,郭哲榮分析師-摩爾證券投顧,2026-08-19,2026-09-13,0.5,negative,影片 bv984mVidR8 自動萃取，未核實；入 evidence_ledger 前需人工確認
2885,other,元大金2天填息成功，今年漲幅5至6成以上創歷史新高,https://www.youtube.com/watch?v=gCzw57b_w4k,鈔錢部署–華視優選,2026-09-06,2026-09-13,0.55,positive,影片 gCzw57b_w4k 自動萃取，未核實；入 evidence_ledger 前需人工確認
2890,eps_revision,永豐金獲利年增率高、股價位階相對低,https://www.youtube.com/watch?v=gCzw57b_w4k,鈔錢部署–華視優選,2026-09-06,2026-09-13,0.5,positive,影片 gCzw57b_w4k 自動萃取，未核實；入 evidence_ledger 前需人工確認
2883,eps_revision,凱基金獲利年增率高，股價淨值比僅1.61偏低,https://www.youtube.com/watch?v=gCzw57b_w4k,鈔錢部署–華視優選,2026-09-06,2026-09-13,0.5,positive,影片 gCzw57b_w4k 自動萃取，未核實；入 evidence_ledger 前需人工確認
2330,order_visibility,8月營收月增約10%，Q3累計營收達成率67.9%超越理論值66.7%,https://www.youtube.com/watch?v=jYRlnceC7F0,郭哲榮分析師-摩爾證券投顧,2026-09-10,2026-09-13,0.6,positive,影片 jYRlnceC7F0 自動萃取，未核實；入 evidence_ledger 前需人工確認
8299,eps_revision,記憶體缺貨轉用Flash補位，與大廠關係良好可望取得料源，明年EPS估看400~500元,https://www.youtube.com/watch?v=jYRlnceC7F0,郭哲榮分析師-摩爾證券投顧,2026-09-10,2026-09-13,0.3,positive,影片 jYRlnceC7F0 自動萃取，未核實；入 evidence_ledger 前需人工確認
PCB_ABF族群,new_capacity,CoWoS面積擴大、層數增加帶動ABF載板單價提升，未來兩三年產能滿載,https://www.youtube.com/watch?v=mMnHFPK9EZg,鈔錢部署–華視優選,2026-08-16,2026-09-13,0.5,positive,影片 mMnHFPK9EZg 自動萃取，未核實；入 evidence_ledger 前需人工確認
2330,other,先進封裝/測試門檻持續墊高，龍頭本益比可望向台積電看齊,https://www.youtube.com/watch?v=mMnHFPK9EZg,鈔錢部署–華視優選,2026-08-16,2026-09-13,0.4,positive,影片 mMnHFPK9EZg 自動萃取，未核實；入 evidence_ledger 前需人工確認
8299,order_visibility,DRAM/HBM缺貨帶動記憶體供應鏈報價與需求上升,https://www.youtube.com/watch?v=oKGyo9-lu10,郭哲榮分析師-摩爾證券投顧,2026-08-07,2026-09-13,0.5,positive,影片 oKGyo9-lu10 自動萃取，未核實；入 evidence_ledger 前需人工確認
5347,eps_revision,世界先進Q2 EPS 3.19元、上半年5.02元，惟認列環球晶交叉持股影響可比性,https://www.youtube.com/watch?v=oKGyo9-lu10,郭哲榮分析師-摩爾證券投顧,2026-08-07,2026-09-13,0.45,neutral,影片 oKGyo9-lu10 自動萃取，未核實；入 evidence_ledger 前需人工確認
2317,eps_revision,鴻海今年EPS估16~18元(上半年已達7.84元),https://www.youtube.com/watch?v=pS8LzTOLbvM,郭哲榮分析師-摩爾證券投顧,2026-08-12,2026-09-13,0.35,positive,影片 pS8LzTOLbvM 自動萃取，未核實；入 evidence_ledger 前需人工確認
2317,next_platform,鴻海推進Genesis平台，整合生成式AI+數位孿生+工廠資料，目標賣一整套機器人系統而非單一設備,https://www.youtube.com/watch?v=q6vpGJYRs5k,MVP財經生活頻道,2026-08-13,2026-09-13,0.5,positive,影片 q6vpGJYRs5k 自動萃取，未核實；入 evidence_ledger 前需人工確認
2328,new_product_mix,廣宇以Magnax無軛軸向磁通馬達切入人形機器人大關節，目標從線束廠轉型為機器人零組件供應商,https://www.youtube.com/watch?v=q6vpGJYRs5k,MVP財經生活頻道,2026-08-13,2026-09-13,0.5,positive,影片 q6vpGJYRs5k 自動萃取，未核實；入 evidence_ledger 前需人工確認
2328,order_visibility,廣宇2026年三大動能：中國雲端服務供應商合作(H2起)、北美挖礦機、機器人業務,https://www.youtube.com/watch?v=q6vpGJYRs5k,MVP財經生活頻道,2026-08-13,2026-09-13,0.5,positive,影片 q6vpGJYRs5k 自動萃取，未核實；入 evidence_ledger 前需人工確認
2354,new_product_mix,鴻準已出貨氣冷散熱3D VC產品，AI伺服器/資料中心散熱需求提升將帶動訂單能見度,https://www.youtube.com/watch?v=q6vpGJYRs5k,MVP財經生活頻道,2026-08-13,2026-09-13,0.5,positive,影片 q6vpGJYRs5k 自動萃取，未核實；入 evidence_ledger 前需人工確認
2354,next_platform,"鴻準2025年投資3,000萬美元深化AI機器人技術布局，提出五大發展策略",https://www.youtube.com/watch?v=q6vpGJYRs5k,MVP財經生活頻道,2026-08-13,2026-09-13,0.5,positive,影片 q6vpGJYRs5k 自動萃取，未核實；入 evidence_ledger 前需人工確認
00631L,other,槓桿型ETF(0050正2)於2022年升息及後續關稅戰期間曾下跌約50%，遠高於大盤同期跌幅,https://www.youtube.com/watch?v=qjFyo_xS5-s,MVP財經生活頻道,2026-08-01,2026-09-13,0.5,negative,影片 qjFyo_xS5-s 自動萃取，未核實；入 evidence_ledger 前需人工確認
5434,order_visibility,崇越法說會指矽晶圓市場熱絡，晶圓代工/記憶體稼動率90~95%,https://www.youtube.com/watch?v=rhHw2cOe0Vs,郭哲榮分析師-摩爾證券投顧,2026-08-18,2026-09-13,0.5,positive,影片 rhHw2cOe0Vs 自動萃取，未核實；入 evidence_ledger 前需人工確認
2317,eps_revision,鴻海明後年EPS看20元，目前本益比13倍偏低,https://www.youtube.com/watch?v=rv3nqZgxar4,郭哲榮分析師-摩爾證券投顧,2026-08-06,2026-09-13,0.45,positive,影片 rv3nqZgxar4 自動萃取，未核實；入 evidence_ledger 前需人工確認
8299,governance,群聯執行長年內三度加碼自家股票,https://www.youtube.com/watch?v=rv3nqZgxar4,郭哲榮分析師-摩爾證券投顧,2026-08-06,2026-09-13,0.5,positive,影片 rv3nqZgxar4 自動萃取，未核實；入 evidence_ledger 前需人工確認
6488,eps_revision,矽晶圓現貨與長約價格轉正，接受雙位數漲價,https://www.youtube.com/watch?v=s0s0uxCqalE,郭哲榮分析師-摩爾證券投顧,2026-08-25,2026-09-13,0.6,positive,影片 s0s0uxCqalE 自動萃取，未核實；入 evidence_ledger 前需人工確認
3532,order_visibility,投信近期認養買超，矽晶圓缺料情況確立,https://www.youtube.com/watch?v=s0s0uxCqalE,郭哲榮分析師-摩爾證券投顧,2026-08-25,2026-09-13,0.45,positive,影片 s0s0uxCqalE 自動萃取，未核實；入 evidence_ledger 前需人工確認
2408,other,南亞科於第三方公允價值模型顯示已跌出低估區間,https://www.youtube.com/watch?v=s4zreVAUcZE,尼可拉斯楊Live精,2026-08-10,2026-09-13,0.4,positive,影片 s4zreVAUcZE 自動萃取，未核實；入 evidence_ledger 前需人工確認
2344,other,華邦電於第三方公允價值模型顯示已跌出低估區間,https://www.youtube.com/watch?v=s4zreVAUcZE,尼可拉斯楊Live精,2026-08-10,2026-09-13,0.4,positive,影片 s4zreVAUcZE 自動萃取，未核實；入 evidence_ledger 前需人工確認
2360,next_platform,致茂投入台積電CPO配套測試方案開發，可望接棒光通訊檢測題材,https://www.youtube.com/watch?v=sIsrZc4_rGo,鈔錢部署–華視優選,2026-09-11,2026-09-13,0.5,positive,影片 sIsrZc4_rGo 自動萃取，未核實；入 evidence_ledger 前需人工確認
多檔(CPO供應鏈),next_platform,Marvell預期NPO/CPO 2028年商業化，光通訊供應鏈成長跟不上需求，供給吃緊,https://www.youtube.com/watch?v=sIsrZc4_rGo,鈔錢部署–華視優選,2026-09-11,2026-09-13,0.5,positive,影片 sIsrZc4_rGo 自動萃取，未核實；入 evidence_ledger 前需人工確認
3374,eps_revision,"精材2026H1 EPS 2.88元(去年同期1.5元),法人估全年優於去年4.99元",https://www.youtube.com/watch?v=sRGqYVaFsDQ,MVP財經生活頻道,2026-08-27,2026-09-13,0.6,positive,影片 sRGqYVaFsDQ 自動萃取，未核實；入 evidence_ledger 前需人工確認
3374,next_platform,精材IVR晶背銅加工製程預計今年底完成驗證、明年初試量產,https://www.youtube.com/watch?v=sRGqYVaFsDQ,MVP財經生活頻道,2026-08-27,2026-09-13,0.55,positive,影片 sRGqYVaFsDQ 自動萃取，未核實；入 evidence_ledger 前需人工確認
3443,eps_revision,"法人估創意明年EPS看增至101元(今年EPS轉錄缺漏,待查)",https://www.youtube.com/watch?v=sRGqYVaFsDQ,MVP財經生活頻道,2026-08-27,2026-09-13,0.5,positive,影片 sRGqYVaFsDQ 自動萃取，未核實；入 evidence_ledger 前需人工確認
3443,order_visibility,"特斯拉AI5自駕晶片明年量產,創意可望拿下百萬顆規模代工訂單(以年銷200萬台估算)",https://www.youtube.com/watch?v=sRGqYVaFsDQ,MVP財經生活頻道,2026-08-27,2026-09-13,0.5,positive,影片 sRGqYVaFsDQ 自動萃取，未核實；入 evidence_ledger 前需人工確認
5347,eps_revision,"法人估世界先進明年EPS達8元,較今年成長約3成",https://www.youtube.com/watch?v=sRGqYVaFsDQ,MVP財經生活頻道,2026-08-27,2026-09-13,0.6,positive,影片 sRGqYVaFsDQ 自動萃取，未核實；入 evidence_ledger 前需人工確認
5347,new_capacity,與恩智浦合資廠第一期產能預計2027Q1量產,https://www.youtube.com/watch?v=sRGqYVaFsDQ,MVP財經生活頻道,2026-08-27,2026-09-13,0.5,positive,影片 sRGqYVaFsDQ 自動萃取，未核實；入 evidence_ledger 前需人工確認
6789,new_product_mix,"采鈺受惠智慧眼鏡、車用ADAS需求回溫,法人估營收較去年大幅成長約五成",https://www.youtube.com/watch?v=sRGqYVaFsDQ,MVP財經生活頻道,2026-08-27,2026-09-13,0.5,positive,影片 sRGqYVaFsDQ 自動萃取，未核實；入 evidence_ledger 前需人工確認
2330,next_platform,"台積電與Sony合資目標2029年量產手機用CMOS影像感測器,可望帶動晶圓級封測與光學元件需求",https://www.youtube.com/watch?v=sRGqYVaFsDQ,MVP財經生活頻道,2026-08-27,2026-09-13,0.45,positive,影片 sRGqYVaFsDQ 自動萃取，未核實；入 evidence_ledger 前需人工確認
1560,eps_revision,"中砂今年EPS估12元、明年估17元,外資原目標價900元",https://www.youtube.com/watch?v=utRQ3Flu2K8,鈔錢部署–華視優選,2026-09-10,2026-09-13,0.55,positive,影片 utRQ3Flu2K8 自動萃取，未核實；入 evidence_ledger 前需人工確認
1680,other,"三星1.4奈米製程延後至2029年,陸行之點名家登、中砂、崇越等台積電供應鏈受惠、定價權提升",https://www.youtube.com/watch?v=utRQ3Flu2K8,鈔錢部署–華視優選,2026-09-10,2026-09-13,0.4,positive,影片 utRQ3Flu2K8 自動萃取，未核實；入 evidence_ledger 前需人工確認
2408,other,MSCI調整新增南亞科為成分股,https://www.youtube.com/watch?v=v_RbDkahHPg,郭哲榮分析師-摩爾證券投顧,2026-08-13,2026-09-13,0.6,positive,影片 v_RbDkahHPg 自動萃取，未核實；入 evidence_ledger 前需人工確認
8299,other,MSCI調整新增群聯為成分股,https://www.youtube.com/watch?v=v_RbDkahHPg,郭哲榮分析師-摩爾證券投顧,2026-08-13,2026-09-13,0.6,positive,影片 v_RbDkahHPg 自動萃取，未核實；入 evidence_ledger 前需人工確認
2344,other,MSCI調整新增華邦電為成分股,https://www.youtube.com/watch?v=v_RbDkahHPg,郭哲榮分析師-摩爾證券投顧,2026-08-13,2026-09-13,0.6,positive,影片 v_RbDkahHPg 自動萃取，未核實；入 evidence_ledger 前需人工確認
2382,eps_revision,廣達Q2 EPS 7.43元，年化推估全年約30元，本益比僅約11倍,https://www.youtube.com/watch?v=v_RbDkahHPg,郭哲榮分析師-摩爾證券投顧,2026-08-13,2026-09-13,0.4,positive,影片 v_RbDkahHPg 自動萃取，未核實；入 evidence_ledger 前需人工確認
2317,eps_revision,法人預估今年EPS 18元，2027年上看22元,https://www.youtube.com/watch?v=yq6cKbR7asU,MVP財經生活頻道,2026-08-06,2026-09-13,0.5,positive,影片 yq6cKbR7asU 自動萃取，未核實；入 evidence_ledger 前需人工確認
2317,new_capacity,AI伺服器機櫃出貨量可望倍數成長，市占率預估超過四成,https://www.youtube.com/watch?v=yq6cKbR7asU,MVP財經生活頻道,2026-08-06,2026-09-13,0.5,positive,影片 yq6cKbR7asU 自動萃取，未核實；入 evidence_ledger 前需人工確認
6414,eps_revision,法人預估樺漢今年EPS 30.3元，年增約3成,https://www.youtube.com/watch?v=yq6cKbR7asU,MVP財經生活頻道,2026-08-06,2026-09-13,0.5,positive,影片 yq6cKbR7asU 自動萃取，未核實；入 evidence_ledger 前需人工確認
6414,order_visibility,收購Kontron整合全球品牌與通路，工控訂單能見度提升,https://www.youtube.com/watch?v=yq6cKbR7asU,MVP財經生活頻道,2026-08-06,2026-09-13,0.45,positive,影片 yq6cKbR7asU 自動萃取，未核實；入 evidence_ledger 前需人工確認
2383,eps_revision,"台光電外資目標價上看9,500-10,000元",https://www.youtube.com/watch?v=zPJ_kLnO_aM,鈔錢部署–華視優選,2026-08-18,2026-09-13,0.45,positive,影片 zPJ_kLnO_aM 自動萃取，未核實；入 evidence_ledger 前需人工確認
8046,eps_revision,"南電為ABF族群法人買進首選，目標價2,300元",https://www.youtube.com/watch?v=zPJ_kLnO_aM,鈔錢部署–華視優選,2026-08-18,2026-09-13,0.45,positive,影片 zPJ_kLnO_aM 自動萃取，未核實；入 evidence_ledger 前需人工確認
3037,order_visibility,欣興同時取得台積電與Intel訂單，今年擴大資本支出,https://www.youtube.com/watch?v=zPJ_kLnO_aM,鈔錢部署–華視優選,2026-08-18,2026-09-13,0.5,positive,影片 zPJ_kLnO_aM 自動萃取，未核實；入 evidence_ledger 前需人工確認
2368,next_platform,AI PCB與銅箔基板需求成長，列入台日韓PCB ETF成分股,https://www.youtube.com/watch?v=zPJ_kLnO_aM,鈔錢部署–華視優選,2026-08-18,2026-09-13,0.45,positive,影片 zPJ_kLnO_aM 自動萃取，未核實；入 evidence_ledger 前需人工確認
TWII,other,台灣上半年經濟增長率約13%，全年主計處估11%以上，優於原先市場預估,https://www.youtube.com/watch?v=zZFqTpQ6yzc,鈔錢部署–華視優選,2026-08-18,2026-09-13,0.5,positive,影片 zZFqTpQ6yzc 自動萃取，未核實；入 evidence_ledger 前需人工確認
多檔(供應鏈),order_visibility,非紅供應鏈轉單效應帶動台灣接單暴增（先進製程/封裝/伺服器/PCB/散熱電源）,https://www.youtube.com/watch?v=zZFqTpQ6yzc,鈔錢部署–華視優選,2026-08-18,2026-09-13,0.5,positive,影片 zZFqTpQ6yzc 自動萃取，未核實；入 evidence_ledger 前需人工確認
